seed,ladder_step,lam,warm_start,source_lam,K_re,K_im,abs_K,std_err,final_loss,ess_n,K_mehler_re,K_mehler_im,epochs_used,N,T,m,omega,eps,rank,x_i,x_f,time_s,weight_file,xf_from_filename,source_csv
42,0,0,N,,-3.1367591113474191e-01,3.0096663650275840e-01,4.3471081596159306e-01,2.878037e-09,5.171002e-12,1.000000,3.1362972888013352e-01,-3.0128947640662429e-01,15000,16,1,1.0,1,0.01,16,0,0.25,308.7,warm_start_weights_vary_end_points/seed42_step00_lam0.0000_xi0_xf0.25.pt,0.25,warm_start_scan_xi0_xf0.25.csv
42,1,0.1,Y,0,-3.1458179788690660e-01,3.0040485483457735e-01,4.3497676302297122e-01,5.973355e-06,1.357783e-05,0.999982,3.1362972888013352e-01,-3.0128947640662429e-01,9000,16,1,1.0,1,0.01,16,0,0.25,174.4,warm_start_weights_vary_end_points/seed42_step01_lam0.1000_xi0_xf0.25.pt,0.25,warm_start_scan_xi0_xf0.25.csv
45,0,0,N,,-3.1362412856659333e-01,3.0105337742720745e-01,4.3473351616764455e-01,2.871975e-09,5.669263e-12,1.000000,3.1362972888013352e-01,-3.0128947640662429e-01,15000,16,1,1.0,1,0.01,16,0,0.25,289.0,warm_start_weights_vary_end_points/seed45_step00_lam0.0000_xi0_xf0.25.pt,0.25,warm_start_scan_xi0_xf0.25.csv
45,1,0.1,Y,0,-3.1457804437230052e-01,3.0041436109768987e-01,4.3498061376897507e-01,5.075524e-06,1.029095e-05,0.999986,3.1362972888013352e-01,-3.0128947640662429e-01,9000,16,1,1.0,1,0.01,16,0,0.25,172.8,warm_start_weights_vary_end_points/seed45_step01_lam0.1000_xi0_xf0.25.pt,0.25,warm_start_scan_xi0_xf0.25.csv
42,0,0,N,,3.3186541153818788e-01,-2.8062220655975484e-01,4.3460726430868196e-01,2.698806e-09,5.305158e-12,1.000000,3.3118719437495836e-01,-2.8187585514344327e-01,15000,16,1,1.0,1,0.01,16,0,0.5,290.0,warm_start_weights_vary_end_points/seed42_step00_lam0.0000_xi0_xf0.5.pt,0.5,warm_start_scan_xi0_xf0.5.csv
42,1,0.1,Y,0,3.3329903079145923e-01,-2.8049227414287076e-01,4.3561928306764092e-01,7.909038e-06,2.446522e-05,0.999968,3.3118719437495836e-01,-2.8187585514344327e-01,9000,16,1,1.0,1,0.01,16,0,0.5,172.8,warm_start_weights_vary_end_points/seed42_step01_lam0.1000_xi0_xf0.5.pt,0.5,warm_start_scan_xi0_xf0.5.csv
45,0,0,N,,3.3186864102135522e-01,-2.8058868891735023e-01,4.3458808916227637e-01,2.461049e-09,3.599166e-12,1.000000,3.3118719437495836e-01,-2.8187585514344327e-01,15000,16,1,1.0,1,0.01,16,0,0.5,288.2,warm_start_weights_vary_end_points/seed45_step00_lam0.0000_xi0_xf0.5.pt,0.5,warm_start_scan_xi0_xf0.5.csv
45,1,0.1,Y,0,3.3331077942133475e-01,-2.8047493418889580e-01,4.3561710754597677e-01,7.073358e-06,2.024063e-05,0.999973,3.3118719437495836e-01,-2.8187585514344327e-01,9000,16,1,1.0,1,0.01,16,0,0.5,171.4,warm_start_weights_vary_end_points/seed45_step01_lam0.1000_xi0_xf0.5.pt,0.5,warm_start_scan_xi0_xf0.5.csv
42,0,0,N,,-3.5924384997601316e-01,2.4408181113255245e-01,4.3431794145687241e-01,3.136237e-09,6.592504e-12,1.000000,3.5775414248369658e-01,-2.4728713870025440e-01,15000,16,1,1.0,1,0.01,16,0,0.75,290.7,warm_start_weights_vary_end_points/seed42_step00_lam0.0000_xi0_xf0.75.pt,0.75,warm_start_scan_xi0_xf0.75.csv
42,1,0.1,Y,0,-3.6146381099954417e-01,2.4506101300599412e-01,4.3670469056083905e-01,1.039406e-05,4.050231e-05,0.999947,3.5775414248369658e-01,-2.4728713870025440e-01,9000,16,1,1.0,1,0.01,16,0,0.75,172.2,warm_start_weights_vary_end_points/seed42_step01_lam0.1000_xi0_xf0.75.pt,0.75,warm_start_scan_xi0_xf0.75.csv
45,0,0,N,,3.5927985776627347e-01,-2.4407261208040920e-01,4.3434255624369528e-01,2.621308e-09,3.693227e-12,1.000000,3.5775414248369658e-01,-2.4728713870025440e-01,15000,16,1,1.0,1,0.01,16,0,0.75,290.1,warm_start_weights_vary_end_points/seed45_step00_lam0.0000_xi0_xf0.75.pt,0.75,warm_start_scan_xi0_xf0.75.csv
45,1,0.1,Y,0,3.6153183484727042e-01,-2.4496929430210065e-01,4.3670954049448385e-01,9.181322e-06,3.415238e-05,0.999956,3.5775414248369658e-01,-2.4728713870025440e-01,9000,16,1,1.0,1,0.01,16,0,0.75,173.5,warm_start_weights_vary_end_points/seed45_step01_lam0.1000_xi0_xf0.75.pt,0.75,warm_start_scan_xi0_xf0.75.csv
42,0,0,N,,3.9093254679233141e-01,-1.8848300688687628e-01,4.3399781108509827e-01,2.723407e-09,4.558038e-12,1.000000,3.8885028963483875e-01,-1.9476757348620916e-01,15000,16,1,1.0,1,0.01,16,0,1,290.2,warm_start_weights_vary_end_points/seed42_step00_lam0.0000_xi0_xf1.0.pt,1.0,warm_start_scan_xi0_xf1.0.csv
42,1,0.1,Y,0,3.9482690610493670e-01,-1.9066924078382622e-01,4.3845529437501057e-01,1.301959e-05,6.729607e-05,0.999917,3.8885028963483875e-01,-1.9476757348620916e-01,9000,16,1,1.0,1,0.01,16,0,1,172.8,warm_start_weights_vary_end_points/seed42_step01_lam0.1000_xi0_xf1.0.pt,1.0,warm_start_scan_xi0_xf1.0.csv
45,0,0,N,,3.9085922922000976e-01,-1.8859684091971521e-01,4.3398122709554671e-01,2.619990e-09,5.291228e-12,1.000000,3.8885028963483875e-01,-1.9476757348620916e-01,15000,16,1,1.0,1,0.01,16,0,1,290.0,warm_start_weights_vary_end_points/seed45_step00_lam0.0000_xi0_xf1.0.pt,1.0,warm_start_scan_xi0_xf1.0.csv
45,1,0.1,Y,0,3.9524930206525971e-01,-1.8845898624525792e-01,4.3787989252723769e-01,1.210843e-05,6.115188e-05,0.999925,3.8885028963483875e-01,-1.9476757348620916e-01,9000,16,1,1.0,1,0.01,16,0,1,175.6,warm_start_weights_vary_end_points/seed45_step01_lam0.1000_xi0_xf1.0.pt,1.0,warm_start_scan_xi0_xf1.0.csv
42,0,0,N,,-4.1895398737552303e-01,1.1147228210821290e-01,4.3353029100198165e-01,3.220649e-09,5.796251e-12,1.000000,4.1750879410619263e-01,-1.2175944429405355e-01,15000,16,1,1.0,1,0.01,16,0,1.25,292.1,warm_start_weights_vary_end_points/seed42_step00_lam0.0000_xi0_xf1.25.pt,1.25,warm_start_scan_xi0_xf1.25.csv
42,1,0.1,Y,0,-4.2560135674819660e-01,1.1443927126643620e-01,4.4071857423292099e-01,1.563500e-05,9.008433e-05,0.999883,4.1750879410619263e-01,-1.2175944429405355e-01,9000,16,1,1.0,1,0.01,16,0,1.25,173.4,warm_start_weights_vary_end_points/seed42_step01_lam0.1000_xi0_xf1.25.pt,1.25,warm_start_scan_xi0_xf1.25.csv
45,0,0,N,,4.1893404183472388e-01,-1.1166221010920586e-01,4.3355989271893058e-01,2.793639e-09,4.266885e-12,1.000000,4.1750879410619263e-01,-1.2175944429405355e-01,15000,16,1,1.0,1,0.01,16,0,1.25,291.0,warm_start_weights_vary_end_points/seed45_step00_lam0.0000_xi0_xf1.25.pt,1.25,warm_start_scan_xi0_xf1.25.csv
45,1,0.1,Y,0,4.2430134158137767e-01,-1.1762546551199188e-01,4.4030373448867061e-01,1.431789e-05,8.123361e-05,0.999897,4.1750879410619263e-01,-1.2175944429405355e-01,9000,16,1,1.0,1,0.01,16,0,1.25,174.1,warm_start_weights_vary_end_points/seed45_step01_lam0.1000_xi0_xf1.25.pt,1.25,warm_start_scan_xi0_xf1.25.csv
42,0,0,N,,-4.3283650409249663e-01,1.2504367490801466e-02,4.3301708797847560e-01,2.998813e-09,5.910715e-12,1.000000,4.3403710680369312e-01,-2.7399732631603918e-02,15000,16,1,1.0,1,0.01,16,0,1.5,290.8,warm_start_weights_vary_end_points/seed42_step00_lam0.0000_xi0_xf1.5.pt,1.5,warm_start_scan_xi0_xf1.5.csv
42,1,0.1,Y,0,-4.4311271780836725e-01,2.1019014779760592e-02,4.4361095530411498e-01,1.843898e-05,1.266800e-04,0.999838,4.3403710680369312e-01,-2.7399732631603918e-02,9000,16,1,1.0,1,0.01,16,0,1.5,173.9,warm_start_weights_vary_end_points/seed42_step01_lam0.1000_xi0_xf1.5.pt,1.5,warm_start_scan_xi0_xf1.5.csv
45,0,0,N,,-4.3287600505141011e-01,1.2574312801330060e-02,4.3305859775750222e-01,2.995315e-09,5.139483e-12,1.000000,4.3403710680369312e-01,-2.7399732631603918e-02,15000,16,1,1.0,1,0.01,16,0,1.5,288.1,warm_start_weights_vary_end_points/seed45_step00_lam0.0000_xi0_xf1.5.pt,1.5,warm_start_scan_xi0_xf1.5.csv
45,1,0.1,Y,0,-4.4238232286032830e-01,2.3551353538518661e-02,4.4300878753450934e-01,1.698746e-05,1.159408e-04,0.999856,4.3403710680369312e-01,-2.7399732631603918e-02,9000,16,1,1.0,1,0.01,16,0,1.5,174.1,warm_start_weights_vary_end_points/seed45_step01_lam0.1000_xi0_xf1.5.pt,1.5,warm_start_scan_xi0_xf1.5.csv
42,0,0,N,,4.1957079949919962e-01,1.0484139605468540e-01,4.3247124080000160e-01,2.881450e-09,4.822260e-12,1.000000,4.2642054565481596e-01,8.5466213641724520e-02,15000,16,1,1.0,1,0.01,16,0,1.75,289.7,warm_start_weights_vary_end_points/seed42_step00_lam0.0000_xi0_xf1.75.pt,1.75,warm_start_scan_xi0_xf1.75.csv
42,1,0.1,Y,0,4.3871759620009954e-01,1.0227163177441297e-01,4.5048042785607756e-01,2.131018e-05,1.631003e-04,0.999778,4.2642054565481596e-01,8.5466213641724520e-02,9000,16,1,1.0,1,0.01,16,0,1.75,173.0,warm_start_weights_vary_end_points/seed42_step01_lam0.1000_xi0_xf1.75.pt,1.75,warm_start_scan_xi0_xf1.75.csv
45,0,0,N,,4.1960074067705455e-01,1.0449641739366329e-01,4.3241679294963037e-01,2.826784e-09,4.049552e-12,1.000000,4.2642054565481596e-01,8.5466213641724520e-02,15000,16,1,1.0,1,0.01,16,0,1.75,285.3,warm_start_weights_vary_end_points/seed45_step00_lam0.0000_xi0_xf1.75.pt,1.75,warm_start_scan_xi0_xf1.75.csv
45,1,0.1,Y,0,4.3460688256739138e-01,1.0065891264325004e-01,4.4611137518501787e-01,1.987510e-05,1.527774e-04,0.999803,4.2642054565481596e-01,8.5466213641724520e-02,9000,16,1,1.0,1,0.01,16,0,1.75,172.8,warm_start_weights_vary_end_points/seed45_step01_lam0.1000_xi0_xf1.75.pt,1.75,warm_start_scan_xi0_xf1.75.csv
42,0,0,N,,3.6578573386732222e-01,2.2927707555211072e-01,4.3170265284635878e-01,2.860028e-09,5.016161e-12,1.000000,3.8191422872612762e-01,2.0803960518932668e-01,15000,16,1,1.0,1,0.01,16,0,2,290.5,warm_start_weights_vary_end_points/seed42_step00_lam0.0000_xi0_xf2.0.pt,2.0,warm_start_scan_xi0_xf2.0.csv
42,1,0.1,Y,0,3.8190066967500763e-01,2.3434022872556401e-01,4.4806636148830559e-01,2.366977e-05,1.927047e-04,0.999728,3.8191422872612762e-01,2.0803960518932668e-01,9000,16,1,1.0,1,0.01,16,0,2,171.1,warm_start_weights_vary_end_points/seed42_step01_lam0.1000_xi0_xf2.0.pt,2.0,warm_start_scan_xi0_xf2.0.csv
45,0,0,N,,-3.6582722096185405e-01,-2.2927284800934744e-01,4.3173556076722536e-01,3.481380e-09,6.631547e-12,1.000000,3.8191422872612762e-01,2.0803960518932668e-01,15000,16,1,1.0,1,0.01,16,0,2,288.1,warm_start_weights_vary_end_points/seed45_step00_lam0.0000_xi0_xf2.0.pt,2.0,warm_start_scan_xi0_xf2.0.csv
45,1,0.1,Y,0,-3.9792526184118343e-01,-2.1222989313476107e-01,4.5098341604915637e-01,2.295490e-05,2.018357e-04,0.999743,3.8191422872612762e-01,2.0803960518932668e-01,9000,16,1,1.0,1,0.01,16,0,2,172.7,warm_start_weights_vary_end_points/seed45_step01_lam0.1000_xi0_xf2.0.pt,2.0,warm_start_scan_xi0_xf2.0.csv
42,0,0,N,,-2.6182590163076047e-01,-3.4231766422469845e-01,4.3096889215465894e-01,3.678129e-09,8.551783e-12,1.000000,2.9031308968880348e-01,3.2381671572997067e-01,15000,16,1,1.0,1,0.01,16,0,2.25,286.7,warm_start_weights_vary_end_points/seed42_step00_lam0.0000_xi0_xf2.25.pt,2.25,warm_start_scan_xi0_xf2.25.csv
42,1,0.1,Y,0,-3.0138152588852524e-01,-3.3986317075122330e-01,4.5424420632515611e-01,2.776592e-05,2.890667e-04,0.999658,2.9031308968880348e-01,3.2381671572997067e-01,9000,16,1,1.0,1,0.01,16,0,2.25,171.1,warm_start_weights_vary_end_points/seed42_step01_lam0.1000_xi0_xf2.25.pt,2.25,warm_start_scan_xi0_xf2.25.csv
45,0,0,N,,2.6201380841069638e-01,3.4208179058480581e-01,4.3089579627513663e-01,3.165687e-09,6.581334e-12,1.000000,2.9031308968880348e-01,3.2381671572997067e-01,15000,16,1,1.0,1,0.01,16,0,2.25,289.0,warm_start_weights_vary_end_points/seed45_step00_lam0.0000_xi0_xf2.25.pt,2.25,warm_start_scan_xi0_xf2.25.csv
45,1,0.1,Y,0,3.0497355800983300e-01,3.3284768715365298e-01,4.5143820610213425e-01,2.594518e-05,2.549015e-04,0.999672,2.9031308968880348e-01,3.2381671572997067e-01,9000,16,1,1.0,1,0.01,16,0,2.25,169.5,warm_start_weights_vary_end_points/seed45_step01_lam0.1000_xi0_xf2.25.pt,2.25,warm_start_scan_xi0_xf2.25.csv
42,0,0,N,,1.0802475519755060e-01,4.1624716867500333e-01,4.3003610681598287e-01,3.207666e-09,5.940540e-12,1.000000,1.4898570271996622e-01,4.0858562849890068e-01,15000,16,1,1.0,1,0.01,16,0,2.5,284.2,warm_start_weights_vary_end_points/seed42_step00_lam0.0000_xi0_xf2.5.pt,2.5,warm_start_scan_xi0_xf2.5.csv
42,1,0.1,Y,0,1.9678809089538754e-01,4.1739275714040169e-01,4.6145667882426150e-01,1.194157e-05,6.092772e-05,0.999935,1.4898570271996622e-01,4.0858562849890068e-01,9000,16,1,1.0,1,0.01,16,0,2.5,170.7,warm_start_weights_vary_end_points/seed42_step01_lam0.1000_xi0_xf2.5.pt,2.5,warm_start_scan_xi0_xf2.5.csv
45,0,0,N,,1.0802811379471763e-01,4.1619231353832059e-01,4.2998385460203525e-01,3.269357e-09,6.174384e-12,1.000000,1.4898570271996622e-01,4.0858562849890068e-01,15000,16,1,1.0,1,0.01,16,0,2.5,285.9,warm_start_weights_vary_end_points/seed45_step00_lam0.0000_xi0_xf2.5.pt,2.5,warm_start_scan_xi0_xf2.5.csv
45,1,0.1,Y,0,1.8082888341580880e-01,4.1588261829975820e-01,4.5349469377410639e-01,3.001400e-05,3.646243e-04,0.999587,1.4898570271996622e-01,4.0858562849890068e-01,9000,16,1,1.0,1,0.01,16,0,2.5,168.6,warm_start_weights_vary_end_points/seed45_step01_lam0.1000_xi0_xf2.5.pt,2.5,warm_start_scan_xi0_xf2.5.csv
42,0,0,N,,8.0507467851542253e-02,-4.2147146525644108e-01,4.2909165501705870e-01,4.883379e-09,1.838139e-11,1.000000,-3.1163598094273853e-02,4.3378310892037097e-01,15000,16,1,1.0,1,0.01,16,0,2.75,284.8,warm_start_weights_vary_end_points/seed42_step00_lam0.0000_xi0_xf2.75.pt,2.75,warm_start_scan_xi0_xf2.75.csv
42,1,0.1,Y,0,1.5508770507426441e-02,-4.5127392324790561e-01,4.5154033680969036e-01,3.514941e-05,4.493765e-04,0.999466,-3.1163598094273853e-02,4.3378310892037097e-01,9000,16,1,1.0,1,0.01,16,0,2.75,170.9,warm_start_weights_vary_end_points/seed42_step01_lam0.1000_xi0_xf2.75.pt,2.75,warm_start_scan_xi0_xf2.75.csv
45,0,0,N,,-7.9867017250576183e-02,4.2149431016092920e-01,4.2899439849786081e-01,3.389788e-09,6.124871e-12,1.000000,-3.1163598094273853e-02,4.3378310892037097e-01,15000,16,1,1.0,1,0.01,16,0,2.75,284.1,warm_start_weights_vary_end_points/seed45_step00_lam0.0000_xi0_xf2.75.pt,2.75,warm_start_scan_xi0_xf2.75.csv
45,1,0.1,Y,0,2.4506386035675589e-02,4.5570461238629895e-01,4.5636307552942595e-01,3.461272e-05,4.627810e-04,0.999456,-3.1163598094273853e-02,4.3378310892037097e-01,9000,16,1,1.0,1,0.01,16,0,2.75,168.8,warm_start_weights_vary_end_points/seed45_step01_lam0.1000_xi0_xf2.75.pt,2.75,warm_start_scan_xi0_xf2.75.csv
42,0,0,N,,2.6618589237099832e-01,-3.3505258744178817e-01,4.2791957848266515e-01,4.576395e-09,1.033923e-11,1.000000,-2.2106497125442681e-01,3.7452534482339550e-01,15000,16,1,1.0,1,0.01,16,0,3,280.4,warm_start_weights_vary_end_points/seed42_step00_lam0.0000_xi0_xf3.0.pt,3.0,warm_start_scan_xi0_xf3.0.csv
42,1,0.1,Y,0,1.5068342173120230e-01,-4.4601422152411702e-01,4.7078039401231175e-01,1.483589e-05,9.194521e-05,0.999905,-2.2106497125442681e-01,3.7452534482339550e-01,9000,16,1,1.0,1,0.01,16,0,3,169.2,warm_start_weights_vary_end_points/seed42_step01_lam0.1000_xi0_xf3.0.pt,3.0,warm_start_scan_xi0_xf3.0.csv
45,0,0,N,,-2.6606875030198912e-01,3.3511122969650559e-01,4.2789264559696089e-01,3.695827e-09,8.310385e-12,1.000000,-2.2106497125442681e-01,3.7452534482339550e-01,15000,16,1,1.0,1,0.01,16,0,3,282.5,warm_start_weights_vary_end_points/seed45_step00_lam0.0000_xi0_xf3.0.pt,3.0,warm_start_scan_xi0_xf3.0.csv
45,1,0.1,Y,0,-1.3840568580422496e-01,4.3774011602301338e-01,4.5909970925582066e-01,3.966335e-05,6.216174e-04,0.999319,-2.2106497125442681e-01,3.7452534482339550e-01,9000,16,1,1.0,1,0.01,16,0,3,168.8,warm_start_weights_vary_end_points/seed45_step01_lam0.1000_xi0_xf3.0.pt,3.0,warm_start_scan_xi0_xf3.0.csv
42,0,0,N,,-3.9748229452207567e-01,1.5566071023337855e-01,4.2687519390202794e-01,4.831453e-09,1.239920e-11,1.000000,-3.7392335017321038e-01,2.2208170484316486e-01,15000,16,1,1.0,1,0.01,16,0,3.25,281.8,warm_start_weights_vary_end_points/seed42_step00_lam0.0000_xi0_xf3.25.pt,3.25,warm_start_scan_xi0_xf3.25.csv
42,1,0.1,Y,0,-3.1126633732173914e-01,3.6855936939490835e-01,4.8241345495172833e-01,1.105215e-05,4.695358e-05,0.999949,-3.7392335017321038e-01,2.2208170484316486e-01,9000,16,1,1.0,1,0.01,16,0,3.25,168.5,warm_start_weights_vary_end_points/seed42_step01_lam0.1000_xi0_xf3.25.pt,3.25,warm_start_scan_xi0_xf3.25.csv
45,0,0,N,,3.9729376461409865e-01,-1.5590110127743620e-01,4.2678740466508647e-01,4.171013e-09,9.616785e-12,1.000000,-3.7392335017321038e-01,2.2208170484316486e-01,15000,16,1,1.0,1,0.01,16,0,3.25,280.1,warm_start_weights_vary_end_points/seed45_step00_lam0.0000_xi0_xf3.25.pt,3.25,warm_start_scan_xi0_xf3.25.csv
45,1,0.1,Y,0,3.1804783708232781e-01,-3.7123412189072019e-01,4.8884476056179738e-01,1.219690e-05,6.091204e-05,0.999939,-3.7392335017321038e-01,2.2208170484316486e-01,9000,16,1,1.0,1,0.01,16,0,3.25,169.9,warm_start_weights_vary_end_points/seed45_step01_lam0.1000_xi0_xf3.25.pt,3.25,warm_start_scan_xi0_xf3.25.csv
42,0,0,N,,4.1750035656353129e-01,8.1781178855779374e-02,4.2543472936011789e-01,6.001118e-09,1.328253e-11,1.000000,-4.3489370505066838e-01,-2.5339175413038040e-03,15000,16,1,1.0,1,0.01,16,0,3.5,282.2,warm_start_weights_vary_end_points/seed42_step00_lam0.0000_xi0_xf3.5.pt,3.5,warm_start_scan_xi0_xf3.5.csv
42,1,0.1,Y,0,4.2350999802175293e-01,-2.5438389587184385e-01,4.9403631941722892e-01,9.753549e-06,3.121666e-05,0.999965,-4.3489370505066838e-01,-2.5339175413038040e-03,9000,16,1,1.0,1,0.01,16,0,3.5,168.6,warm_start_weights_vary_end_points/seed42_step01_lam0.1000_xi0_xf3.5.pt,3.5,warm_start_scan_xi0_xf3.5.csv
45,0,0,N,,-4.1753439529617203e-01,-8.1944630715860389e-02,4.2549958138463401e-01,3.589498e-09,7.785132e-12,1.000000,-4.3489370505066838e-01,-2.5339175413038040e-03,15000,16,1,1.0,1,0.01,16,0,3.5,280.9,warm_start_weights_vary_end_points/seed45_step00_lam0.0000_xi0_xf3.5.pt,3.5,warm_start_scan_xi0_xf3.5.csv
45,1,0.1,Y,0,-3.9567106828172754e-01,2.2693703389141545e-01,4.5613157271409854e-01,1.085735e-05,5.772397e-05,0.999946,-4.3489370505066838e-01,-2.5339175413038040e-03,9000,16,1,1.0,1,0.01,16,0,3.5,169.3,warm_start_weights_vary_end_points/seed45_step01_lam0.1000_xi0_xf3.5.pt,3.5,warm_start_scan_xi0_xf3.5.csv
42,0,0,N,,-2.9430326110254235e-01,-3.0560527972791068e-01,4.2427467104832661e-01,4.240602e-09,9.616341e-12,1.000000,-3.6192704155485067e-01,-2.4113849137405927e-01,15000,16,1,1.0,1,0.01,16,0,3.75,281.3,warm_start_weights_vary_end_points/seed42_step00_lam0.0000_xi0_xf3.75.pt,3.75,warm_start_scan_xi0_xf3.75.csv
42,1,0.1,Y,0,-4.2701171652904052e-01,9.0769373220437155e-02,4.3655249989881934e-01,8.260575e-06,2.776497e-05,0.999970,-3.6192704155485067e-01,-2.4113849137405927e-01,9000,16,1,1.0,1,0.01,16,0,3.75,168.3,warm_start_weights_vary_end_points/seed42_step01_lam0.1000_xi0_xf3.75.pt,3.75,warm_start_scan_xi0_xf3.75.csv
45,0,0,N,,-2.9460264583172419e-01,-3.0481854187783775e-01,4.2391633892029151e-01,4.359602e-08,7.783310e-10,1.000000,-3.6192704155485067e-01,-2.4113849137405927e-01,15000,16,1,1.0,1,0.01,16,0,3.75,282.1,warm_start_weights_vary_end_points/seed45_step00_lam0.0000_xi0_xf3.75.pt,3.75,warm_start_scan_xi0_xf3.75.csv
45,1,0.1,Y,0,-4.2031454331622531e-01,1.0163169431989882e-01,4.3242723851933795e-01,6.607591e-06,1.885810e-05,0.999977,-3.6192704155485067e-01,-2.4113849137405927e-01,9000,16,1,1.0,1,0.01,16,0,3.75,168.1,warm_start_weights_vary_end_points/seed45_step01_lam0.1000_xi0_xf3.75.pt,3.75,warm_start_scan_xi0_xf3.75.csv
42,0,0,N,,-4.8093530045043416e-02,-4.2010228027465724e-01,4.2284620552177143e-01,4.843476e-09,1.529013e-11,1.000000,-1.5363019665698835e-01,-4.0686203817257144e-01,15000,16,1,1.0,1,0.01,16,0,4,281.6,warm_start_weights_vary_end_points/seed42_step00_lam0.0000_xi0_xf4.0.pt,4.0,warm_start_scan_xi0_xf4.0.csv
42,1,0.1,Y,0,-4.4629811688809462e-01,-7.8637387913993995e-03,4.4636739075075671e-01,8.366699e-06,3.076920e-05,0.999967,-1.5363019665698835e-01,-4.0686203817257144e-01,9000,16,1,1.0,1,0.01,16,0,4,168.4,warm_start_weights_vary_end_points/seed42_step01_lam0.1000_xi0_xf4.0.pt,4.0,warm_start_scan_xi0_xf4.0.csv
45,0,0,N,,4.8900937363792217e-02,4.1962309179689516e-01,4.2246282776623439e-01,5.393896e-08,1.430663e-09,1.000000,-1.5363019665698835e-01,-4.0686203817257144e-01,15000,16,1,1.0,1,0.01,16,0,4,281.0,warm_start_weights_vary_end_points/seed45_step00_lam0.0000_xi0_xf4.0.pt,4.0,warm_start_scan_xi0_xf4.0.csv
45,1,0.1,Y,0,4.7752936970993148e-01,-4.2345286890115061e-02,4.7940319383309343e-01,6.403269e-06,1.631372e-05,0.999984,-1.5363019665698835e-01,-4.0686203817257144e-01,9000,16,1,1.0,1,0.01,16,0,4,166.9,warm_start_weights_vary_end_points/seed45_step01_lam0.1000_xi0_xf4.0.pt,4.0,warm_start_scan_xi0_xf4.0.csv
42,0,0,N,,2.3018575997362711e-01,-3.5252483878800850e-01,4.2102166934392776e-01,5.237819e-09,1.639412e-11,1.000000,1.2898390421313691e-01,-4.1533373073317825e-01,15000,16,1,1.0,1,0.01,16,0,4.25,279.7,warm_start_weights_vary_end_points/seed42_step00_lam0.0000_xi0_xf4.25.pt,4.25,warm_start_scan_xi0_xf4.25.csv
42,1,0.1,Y,0,-4.6774027421535491e-01,-9.8115799658485631e-02,4.7792015469707855e-01,9.863919e-06,3.426039e-05,0.999962,1.2898390421313691e-01,-4.1533373073317825e-01,9000,16,1,1.0,1,0.01,16,0,4.25,170.1,warm_start_weights_vary_end_points/seed42_step01_lam0.1000_xi0_xf4.25.pt,4.25,warm_start_scan_xi0_xf4.25.csv
45,0,0,N,,2.3027531569104925e-01,-3.5265391078215813e-01,4.2117870530994650e-01,4.138998e-09,1.067723e-11,1.000000,1.2898390421313691e-01,-4.1533373073317825e-01,15000,16,1,1.0,1,0.01,16,0,4.25,278.7,warm_start_weights_vary_end_points/seed45_step00_lam0.0000_xi0_xf4.25.pt,4.25,warm_start_scan_xi0_xf4.25.csv
45,1,0.1,Y,0,-4.5761336551121262e-01,-1.0667465019353238e-01,4.6988240368033701e-01,1.028295e-05,4.266013e-05,0.999953,1.2898390421313691e-01,-4.1533373073317825e-01,9000,16,1,1.0,1,0.01,16,0,4.25,166.4,warm_start_weights_vary_end_points/seed45_step01_lam0.1000_xi0_xf4.25.pt,4.25,warm_start_scan_xi0_xf4.25.csv
42,0,0,N,,4.0577387259999909e-01,-1.0646765118448101e-01,4.1950899446083467e-01,6.025861e-09,1.883980e-11,1.000000,3.6675359306684424e-01,-2.3373223441229379e-01,15000,16,1,1.0,1,0.01,16,0,4.5,281.4,warm_start_weights_vary_end_points/seed42_step00_lam0.0000_xi0_xf4.5.pt,4.5,warm_start_scan_xi0_xf4.5.csv
42,1,0.1,Y,0,-4.1005391898306287e-01,-1.3294191386601054e-01,4.3106585220326377e-01,1.225080e-05,6.222905e-05,0.999934,3.6675359306684424e-01,-2.3373223441229379e-01,9000,16,1,1.0,1,0.01,16,0,4.5,168.2,warm_start_weights_vary_end_points/seed42_step01_lam0.1000_xi0_xf4.5.pt,4.5,warm_start_scan_xi0_xf4.5.csv
45,0,0,N,,4.0590118791831781e-01,-1.0630408895660973e-01,4.1959067396975869e-01,4.781909e-09,1.619674e-11,1.000000,3.6675359306684424e-01,-2.3373223441229379e-01,15000,16,1,1.0,1,0.01,16,0,4.5,280.2,warm_start_weights_vary_end_points/seed45_step00_lam0.0000_xi0_xf4.5.pt,4.5,warm_start_scan_xi0_xf4.5.csv
45,1,0.1,Y,0,-3.8773713322652326e-01,-1.2712144594745978e-01,4.0804404970847891e-01,1.001860e-05,5.076484e-05,0.999942,3.6675359306684424e-01,-2.3373223441229379e-01,9000,16,1,1.0,1,0.01,16,0,4.5,165.6,warm_start_weights_vary_end_points/seed45_step01_lam0.1000_xi0_xf4.5.pt,4.5,warm_start_scan_xi0_xf4.5.csv
42,0,0,N,,3.6206247541100184e-01,2.0829053755808000e-01,4.1770107030863141e-01,5.140863e-08,1.546521e-09,1.000000,4.2825683585732899e-01,7.5730033489181947e-02,15000,16,1,1.0,1,0.01,16,0,4.75,280.6,warm_start_weights_vary_end_points/seed42_step00_lam0.0000_xi0_xf4.75.pt,4.75,warm_start_scan_xi0_xf4.75.csv
42,1,0.1,Y,0,-3.9901995563418280e-01,-1.7563498331851943e-01,4.3596395763824536e-01,1.007762e-05,4.656490e-05,0.999949,4.2825683585732899e-01,7.5730033489181947e-02,9000,16,1,1.0,1,0.01,16,0,4.75,165.1,warm_start_weights_vary_end_points/seed42_step01_lam0.1000_xi0_xf4.75.pt,4.75,warm_start_scan_xi0_xf4.75.csv
45,0,0,N,,3.6141082442094735e-01,2.0824778057396851e-01,4.1711499867855695e-01,6.243988e-08,1.776646e-09,1.000000,4.2825683585732899e-01,7.5730033489181947e-02,15000,16,1,1.0,1,0.01,16,0,4.75,281.1,warm_start_weights_vary_end_points/seed45_step00_lam0.0000_xi0_xf4.75.pt,4.75,warm_start_scan_xi0_xf4.75.csv
45,1,0.1,Y,0,-4.5140746138656362e-01,-1.2973942544061315e-01,4.6968182284299903e-01,1.125283e-05,4.833229e-05,0.999949,4.2825683585732899e-01,7.5730033489181947e-02,9000,16,1,1.0,1,0.01,16,0,4.75,168.3,warm_start_weights_vary_end_points/seed45_step01_lam0.1000_xi0_xf4.75.pt,4.75,warm_start_scan_xi0_xf4.75.csv
42,0,0,N,,9.4430692812414715e-02,4.0476327062830908e-01,4.1563260338279334e-01,4.027564e-08,8.106475e-10,1.000000,2.5028795366583595e-01,3.5566120913106652e-01,15000,16,1,1.0,1,0.01,16,0,5,280.2,warm_start_weights_vary_end_points/seed42_step00_lam0.0000_xi0_xf5.0.pt,5.0,warm_start_scan_xi0_xf5.0.csv
42,1,0.1,Y,0,2.8048606616165603e-03,2.7858709828262208e-03,3.9532670620686912e-03,1.684410e-07,1.279036e-04,0.999863,2.5028795366583595e-01,3.5566120913106652e-01,9000,16,1,1.0,1,0.01,16,0,5,168.1,warm_start_weights_vary_end_points/seed42_step01_lam0.1000_xi0_xf5.0.pt,5.0,warm_start_scan_xi0_xf5.0.csv
45,0,0,N,,-9.4607383379459606e-02,-4.0492907581733467e-01,4.1583423792683161e-01,6.276046e-08,2.256248e-09,1.000000,2.5028795366583595e-01,3.5566120913106652e-01,15000,16,1,1.0,1,0.01,16,0,5,281.0,warm_start_weights_vary_end_points/seed45_step00_lam0.0000_xi0_xf5.0.pt,5.0,warm_start_scan_xi0_xf5.0.csv
45,1,0.1,Y,0,-3.4684437675676061e-03,7.6569794446488431e-04,3.5519565750352748e-03,1.976563e-07,2.905945e-04,0.999741,2.5028795366583595e-01,3.5566120913106652e-01,9000,16,1,1.0,1,0.01,16,0,5,168.6,warm_start_weights_vary_end_points/seed45_step01_lam0.1000_xi0_xf5.0.pt,5.0,warm_start_scan_xi0_xf5.0.csv
42,0,0,N,,2.4525569032355085e-01,-3.3399413325660876e-01,4.1436992492930130e-01,4.399974e-08,1.284104e-09,1.000000,-9.0429339268449260e-02,4.2539568642650288e-01,15000,16,1,1.0,1,0.01,16,0,5.25,277.3,warm_start_weights_vary_end_points/seed42_step00_lam0.0000_xi0_xf5.25.pt,5.25,warm_start_scan_xi0_xf5.25.csv
42,1,0.1,Y,0,1.0558655615435922e-01,-6.7904752161116577e-02,1.2553715070289082e-01,6.258722e-06,1.914129e-04,0.999807,-9.0429339268449260e-02,4.2539568642650288e-01,9000,16,1,1.0,1,0.01,16,0,5.25,166.8,warm_start_weights_vary_end_points/seed42_step01_lam0.1000_xi0_xf5.25.pt,5.25,warm_start_scan_xi0_xf5.25.csv
45,0,0,N,,-2.4462616734369250e-01,3.3372298620991497e-01,4.1377891835390473e-01,8.510289e-08,4.312914e-09,1.000000,-9.0429339268449260e-02,4.2539568642650288e-01,15000,16,1,1.0,1,0.01,16,0,5.25,280.6,warm_start_weights_vary_end_points/seed45_step00_lam0.0000_xi0_xf5.25.pt,5.25,warm_start_scan_xi0_xf5.25.csv
45,1,0.1,Y,0,4.3209629606841347e+00,3.3124088177659163e+00,5.4445177090002748e+00,3.219376e-04,2.164488e-04,0.999761,-9.0429339268449260e-02,4.2539568642650288e-01,9000,16,1,1.0,1,0.01,16,0,5.25,168.3,warm_start_weights_vary_end_points/seed45_step01_lam0.1000_xi0_xf5.25.pt,5.25,warm_start_scan_xi0_xf5.25.csv
42,0,0,N,,-4.1179479696199534e-01,1.3810616244578447e-02,4.1202631945790302e-01,3.979357e-08,1.440772e-09,1.000000,-3.8196867215320163e-01,2.0793962807585242e-01,15000,16,1,1.0,1,0.01,16,0,5.5,277.3,warm_start_weights_vary_end_points/seed42_step00_lam0.0000_xi0_xf5.5.pt,5.5,warm_start_scan_xi0_xf5.5.csv
42,1,0.1,Y,0,-1.3036066145645662e-03,1.1830349252258973e-03,1.7603868438047174e-03,7.532023e-08,1.454317e-04,0.999708,-3.8196867215320163e-01,2.0793962807585242e-01,9000,16,1,1.0,1,0.01,16,0,5.5,166.7,warm_start_weights_vary_end_points/seed42_step01_lam0.1000_xi0_xf5.5.pt,5.5,warm_start_scan_xi0_xf5.5.csv
45,0,0,N,,4.1212477552631777e-01,-1.3688227568798936e-02,4.1235203185699598e-01,1.155011e-08,6.561780e-11,1.000000,-3.8196867215320163e-01,2.0793962807585242e-01,15000,16,1,1.0,1,0.01,16,0,5.5,280.7,warm_start_weights_vary_end_points/seed45_step00_lam0.0000_xi0_xf5.5.pt,5.5,warm_start_scan_xi0_xf5.5.csv
45,1,0.1,Y,0,-3.0218037964565420e-01,1.2088586323790053e-01,3.2546332170240644e-01,2.033671e-05,4.068225e-04,0.999482,-3.8196867215320163e-01,2.0793962807585242e-01,9000,16,1,1.0,1,0.01,16,0,5.5,165.4,warm_start_weights_vary_end_points/seed45_step01_lam0.1000_xi0_xf5.5.pt,5.5,warm_start_scan_xi0_xf5.5.csv
42,0,0,N,,-2.5035062821510756e-01,-3.2472669950947908e-01,4.1002788493225500e-01,1.442221e-07,8.872155e-09,1.000000,-3.9981839191952995e-01,-1.7112629521404665e-01,15000,16,1,1.0,1,0.01,16,0,5.75,279.0,warm_start_weights_vary_end_points/seed42_step00_lam0.0000_xi0_xf5.75.pt,5.75,warm_start_scan_xi0_xf5.75.csv
42,1,0.1,Y,0,-7.4476196483924091e-03,-1.0614159280085647e-02,1.2966395630634942e-02,6.967839e-07,1.568725e-04,0.999770,-3.9981839191952995e-01,-1.7112629521404665e-01,9000,16,1,1.0,1,0.01,16,0,5.75,166.5,warm_start_weights_vary_end_points/seed42_step01_lam0.1000_xi0_xf5.75.pt,5.75,warm_start_scan_xi0_xf5.75.csv
45,0,0,N,,-2.5127207599732443e-01,-3.2484786708153673e-01,4.1068697681254629e-01,8.777985e-08,3.957785e-09,1.000000,-3.9981839191952995e-01,-1.7112629521404665e-01,15000,16,1,1.0,1,0.01,16,0,5.75,282.5,warm_start_weights_vary_end_points/seed45_step00_lam0.0000_xi0_xf5.75.pt,5.75,warm_start_scan_xi0_xf5.75.csv
45,1,0.1,Y,0,-1.1237799164107647e-01,-2.2544715595996756e-01,2.5190322176526403e-01,1.190470e-05,2.957200e-04,0.999765,-3.9981839191952995e-01,-1.7112629521404665e-01,9000,16,1,1.0,1,0.01,16,0,5.75,165.3,warm_start_weights_vary_end_points/seed45_step01_lam0.1000_xi0_xf5.75.pt,5.75,warm_start_scan_xi0_xf5.75.csv
42,0,0,N,,1.3128992937890419e-01,-3.8604877265808274e-01,4.0776304445980599e-01,6.400374e-08,2.413197e-09,1.000000,-9.6310638158220802e-02,-4.2410283706709639e-01,15000,16,1,1.0,1,0.01,16,0,6,280.1,warm_start_weights_vary_end_points/seed42_step00_lam0.0000_xi0_xf6.0.pt,6.0,warm_start_scan_xi0_xf6.0.csv
42,1,0.1,Y,0,2.3876366041685264e+00,2.0128601059267651e-01,2.3961061353007147e+00,1.368147e-04,2.827157e-04,0.999697,-9.6310638158220802e-02,-4.2410283706709639e-01,9000,16,1,1.0,1,0.01,16,0,6,167.5,warm_start_weights_vary_end_points/seed42_step01_lam0.1000_xi0_xf6.0.pt,6.0,warm_start_scan_xi0_xf6.0.csv
45,0,0,N,,1.3094677869113805e-01,-3.8581156794498345e-01,4.0742806090124972e-01,1.402405e-07,1.204100e-08,1.000000,-9.6310638158220802e-02,-4.2410283706709639e-01,15000,16,1,1.0,1,0.01,16,0,6,274.7,warm_start_weights_vary_end_points/seed45_step00_lam0.0000_xi0_xf6.0.pt,6.0,warm_start_scan_xi0_xf6.0.csv
45,1,0.1,Y,0,-3.5215934736025165e+00,1.4146923438578334e+00,3.7951251654049316e+00,2.102501e-04,2.660725e-04,0.999693,-9.6310638158220802e-02,-4.2410283706709639e-01,9000,16,1,1.0,1,0.01,16,0,6,166.0,warm_start_weights_vary_end_points/seed45_step01_lam0.1000_xi0_xf6.0.pt,6.0,warm_start_scan_xi0_xf6.0.csv
42,0,0,N,,3.9691423139572907e-01,-8.5494731894137407e-02,4.0601755659837274e-01,1.042752e-07,6.655503e-09,1.000000,2.9958083084489251e-01,-3.1526224198449104e-01,15000,16,1,1.0,1,0.01,16,0,6.25,278.6,warm_start_weights_vary_end_points/seed42_step00_lam0.0000_xi0_xf6.25.pt,6.25,warm_start_scan_xi0_xf6.25.csv
42,1,0.1,Y,0,-5.3205390959825315e-02,1.2409362264138309e+01,1.2409476323207480e+01,9.060287e-04,2.185503e-04,0.999707,2.9958083084489251e-01,-3.1526224198449104e-01,9000,16,1,1.0,1,0.01,16,0,6.25,165.9,warm_start_weights_vary_end_points/seed42_step01_lam0.1000_xi0_xf6.25.pt,6.25,warm_start_scan_xi0_xf6.25.csv
45,0,0,N,,-3.9761149315177519e-01,8.4046365059505662e-02,4.0639720836405835e-01,5.953527e-08,1.824713e-09,1.000000,2.9958083084489251e-01,-3.1526224198449104e-01,15000,16,1,1.0,1,0.01,16,0,6.25,276.9,warm_start_weights_vary_end_points/seed45_step00_lam0.0000_xi0_xf6.25.pt,6.25,warm_start_scan_xi0_xf6.25.csv
45,1,0.1,Y,0,-5.4851865780879487e+00,3.8967169835580506e+01,3.9351335387651226e+01,2.359409e-03,2.484907e-04,0.999588,2.9958083084489251e-01,-3.1526224198449104e-01,9000,16,1,1.0,1,0.01,16,0,6.25,167.0,warm_start_weights_vary_end_points/seed45_step01_lam0.1000_xi0_xf6.25.pt,6.25,warm_start_scan_xi0_xf6.25.csv
42,0,0,N,,2.6262457845354559e-01,3.0488648357753112e-01,4.0240208383676973e-01,2.211468e-07,2.548952e-08,1.000000,4.2512444070403888e-01,9.1696048698305360e-02,15000,16,1,1.0,1,0.01,16,0,6.5,277.3,warm_start_weights_vary_end_points/seed42_step00_lam0.0000_xi0_xf6.5.pt,6.5,warm_start_scan_xi0_xf6.5.csv
42,1,0.1,Y,0,8.7646323569367031e+00,9.6802020964455107e+00,1.3058525681725708e+01,1.313633e-03,2.524478e-04,0.999725,4.2512444070403888e-01,9.1696048698305360e-02,9000,16,1,1.0,1,0.01,16,0,6.5,165.4,warm_start_weights_vary_end_points/seed42_step01_lam0.1000_xi0_xf6.5.pt,6.5,warm_start_scan_xi0_xf6.5.csv
45,0,0,N,,2.6275871765932501e-01,3.0606096195685500e-01,4.0338003934246464e-01,1.076123e-07,6.009707e-09,1.000000,4.2512444070403888e-01,9.1696048698305360e-02,15000,16,1,1.0,1,0.01,16,0,6.5,279.5,warm_start_weights_vary_end_points/seed45_step00_lam0.0000_xi0_xf6.5.pt,6.5,warm_start_scan_xi0_xf6.5.csv
45,1,0.1,Y,0,1.5608935498198292e+01,1.2867016004979543e+01,2.0228666991656038e+01,2.100857e-02,1.653611e-01,0.905145,4.2512444070403888e-01,9.1696048698305360e-02,9000,16,1,1.0,1,0.01,16,0,6.5,167.1,warm_start_weights_vary_end_points/seed45_step01_lam0.1000_xi0_xf6.5.pt,6.5,warm_start_scan_xi0_xf6.5.csv
42,0,0,N,,1.5792647981383343e-01,-3.6809018245183317e-01,4.0053858171693396e-01,1.203417e-07,8.119000e-09,1.000000,1.2639842613082056e-01,4.1612785691714438e-01,15000,16,1,1.0,1,0.01,16,0,6.75,279.0,warm_start_weights_vary_end_points/seed42_step00_lam0.0000_xi0_xf6.75.pt,6.75,warm_start_scan_xi0_xf6.75.csv
42,1,0.1,Y,0,-5.5911479993349698e+00,1.5766160223734552e+01,1.6728202059723483e+01,4.596848e-03,2.517949e-03,0.998487,1.2639842613082056e-01,4.1612785691714438e-01,9000,16,1,1.0,1,0.01,16,0,6.75,166.9,warm_start_weights_vary_end_points/seed42_step01_lam0.1000_xi0_xf6.75.pt,6.75,warm_start_scan_xi0_xf6.75.csv
45,0,0,N,,1.5745208916916612e-01,-3.6865240389988591e-01,4.0086875069640893e-01,9.705638e-08,6.027052e-09,1.000000,1.2639842613082056e-01,4.1612785691714438e-01,15000,16,1,1.0,1,0.01,16,0,6.75,275.2,warm_start_weights_vary_end_points/seed45_step00_lam0.0000_xi0_xf6.75.pt,6.75,warm_start_scan_xi0_xf6.75.csv
45,1,0.1,Y,0,-2.7780439410269011e+00,2.3382944972088268e-01,2.7878673479620666e+00,5.769808e-04,2.760805e-03,0.996413,1.2639842613082056e-01,4.1612785691714438e-01,9000,16,1,1.0,1,0.01,16,0,6.75,164.4,warm_start_weights_vary_end_points/seed45_step01_lam0.1000_xi0_xf6.75.pt,6.75,warm_start_scan_xi0_xf6.75.csv
42,0,0,N,,-3.9881310035418138e-01,3.7824434674533650e-03,3.9883103677208825e-01,5.602358e-08,2.344225e-09,1.000000,-3.1460438747207414e-01,3.0027160174436224e-01,15000,16,1,1.0,1,0.01,16,0,7,277.3,warm_start_weights_vary_end_points/seed42_step00_lam0.0000_xi0_xf7.0.pt,7.0,warm_start_scan_xi0_xf7.0.csv
42,1,0.1,Y,0,-1.9958198418018891e-01,-5.0489649158847905e-01,5.4291199620901387e-01,6.451608e-04,1.199158e-01,0.874413,-3.1460438747207414e-01,3.0027160174436224e-01,9000,16,1,1.0,1,0.01,16,0,7,166.3,warm_start_weights_vary_end_points/seed42_step01_lam0.1000_xi0_xf7.0.pt,7.0,warm_start_scan_xi0_xf7.0.csv
45,0,0,N,,3.9858539228420536e-01,-4.1284890033375689e-03,3.9860677285239970e-01,9.990347e-08,5.790100e-09,1.000000,-3.1460438747207414e-01,3.0027160174436224e-01,15000,16,1,1.0,1,0.01,16,0,7,275.4,warm_start_weights_vary_end_points/seed45_step00_lam0.0000_xi0_xf7.0.pt,7.0,warm_start_scan_xi0_xf7.0.csv
45,1,0.1,Y,0,-1.5944569909358389e-01,-1.3886503167277981e+01,1.3887418519861091e+01,1.091891e-03,1.436473e-03,0.999561,-3.1460438747207414e-01,3.0027160174436224e-01,9000,16,1,1.0,1,0.01,16,0,7,166.6,warm_start_weights_vary_end_points/seed45_step01_lam0.1000_xi0_xf7.0.pt,7.0,warm_start_scan_xi0_xf7.0.csv
42,0,0,N,,-1.4785779095984500e-01,-3.6765420373400076e-01,3.9627205285107775e-01,1.400541e-07,1.060869e-08,1.000000,-4.0361295054312352e-01,-1.6197389167602907e-01,15000,16,1,1.0,1,0.01,16,0,7.25,277.9,warm_start_weights_vary_end_points/seed42_step00_lam0.0000_xi0_xf7.25.pt,7.25,warm_start_scan_xi0_xf7.25.csv
42,1,0.1,Y,0,-9.1238737133440921e+01,1.8387359470041027e+01,9.3073101065698026e+01,5.883098e-03,1.488685e-04,0.999431,-4.0361295054312352e-01,-1.6197389167602907e-01,9000,16,1,1.0,1,0.01,16,0,7.25,167.3,warm_start_weights_vary_end_points/seed42_step01_lam0.1000_xi0_xf7.25.pt,7.25,warm_start_scan_xi0_xf7.25.csv
45,0,0,N,,-1.4724424878179412e-01,-3.6770567116336828e-01,3.9609131447813645e-01,1.346641e-07,9.867872e-09,1.000000,-4.0361295054312352e-01,-1.6197389167602907e-01,15000,16,1,1.0,1,0.01,16,0,7.25,277.6,warm_start_weights_vary_end_points/seed45_step00_lam0.0000_xi0_xf7.25.pt,7.25,warm_start_scan_xi0_xf7.25.csv
45,1,0.1,Y,0,-1.2541835114344303e+04,-1.7172648798914583e+04,2.1264935805364243e+04,1.632246e+00,6.736582e-04,0.999593,-4.0361295054312352e-01,-1.6197389167602907e-01,9000,16,1,1.0,1,0.01,16,0,7.25,165.8,warm_start_weights_vary_end_points/seed45_step01_lam0.1000_xi0_xf7.25.pt,7.25,warm_start_scan_xi0_xf7.25.csv
42,0,0,N,,-2.9741989399051116e-01,2.5759449084760916e-01,3.9346348630637368e-01,1.427242e-07,1.135989e-08,1.000000,-2.3062413813719762e-03,-4.3489497201220290e-01,15000,16,1,1.0,1,0.01,16,0,7.5,277.4,warm_start_weights_vary_end_points/seed42_step00_lam0.0000_xi0_xf7.5.pt,7.5,warm_start_scan_xi0_xf7.5.csv
42,1,0.1,Y,0,7.0887640790236972e+00,-5.3132823190074170e+01,5.3603614396006357e+01,3.691701e-03,1.093265e-03,0.999620,-2.3062413813719762e-03,-4.3489497201220290e-01,9000,16,1,1.0,1,0.01,16,0,7.5,166.3,warm_start_weights_vary_end_points/seed42_step01_lam0.1000_xi0_xf7.5.pt,7.5,warm_start_scan_xi0_xf7.5.csv
45,0,0,N,,2.9770032509657257e-01,-2.5781220581439618e-01,3.9381799988000749e-01,1.390605e-07,1.051252e-08,1.000000,-2.3062413813719762e-03,-4.3489497201220290e-01,15000,16,1,1.0,1,0.01,16,0,7.5,277.7,warm_start_weights_vary_end_points/seed45_step00_lam0.0000_xi0_xf7.5.pt,7.5,warm_start_scan_xi0_xf7.5.csv
45,1,0.1,Y,0,1.2781190724584812e+03,-7.5242904052719484e+02,1.4831513154128286e+03,1.015594e-01,5.694372e-04,0.999474,-2.3062413813719762e-03,-4.3489497201220290e-01,9000,16,1,1.0,1,0.01,16,0,7.5,167.5,warm_start_weights_vary_end_points/seed45_step01_lam0.1000_xi0_xf7.5.pt,7.5,warm_start_scan_xi0_xf7.5.csv
42,0,0,N,,-3.2876598778785893e-01,-2.1042432734444938e-01,3.9034020067691028e-01,3.823513e-07,1.123028e-07,1.000000,4.0821861560144801e-01,-1.4998839057487454e-01,15000,16,1,1.0,1,0.01,16,0,7.75,274.8,warm_start_weights_vary_end_points/seed42_step00_lam0.0000_xi0_xf7.75.pt,7.75,warm_start_scan_xi0_xf7.75.csv
42,1,0.1,Y,0,-4.4806906676770858e-01,-4.4992946795558719e-01,6.3498221607292515e-01,2.230552e-04,7.072910e-03,0.992115,4.0821861560144801e-01,-1.4998839057487454e-01,9000,16,1,1.0,1,0.01,16,0,7.75,165.8,warm_start_weights_vary_end_points/seed42_step01_lam0.1000_xi0_xf7.75.pt,7.75,warm_start_scan_xi0_xf7.75.csv
45,0,0,N,,-3.2944192711099013e-01,-2.1076203597229326e-01,3.9109157386191429e-01,1.353783e-07,2.162562e-08,1.000000,4.0821861560144801e-01,-1.4998839057487454e-01,15000,16,1,1.0,1,0.01,16,0,7.75,276.8,warm_start_weights_vary_end_points/seed45_step00_lam0.0000_xi0_xf7.75.pt,7.75,warm_start_scan_xi0_xf7.75.csv
45,1,0.1,Y,0,3.2381787358260107e+02,-5.2153809288843047e+02,6.1388923885767747e+02,1.582991e-01,6.457280e-03,0.991981,4.0821861560144801e-01,-1.4998839057487454e-01,9000,16,1,1.0,1,0.01,16,0,7.75,169.1,warm_start_weights_vary_end_points/seed45_step01_lam0.1000_xi0_xf7.75.pt,7.75,warm_start_scan_xi0_xf7.75.csv
42,0,0,N,,-1.2135158530037807e-01,3.6786671492711953e-01,3.8736562470898933e-01,2.925803e-07,6.150866e-08,1.000000,2.6622813818270369e-01,3.4389174731385325e-01,15000,16,1,1.0,1,0.01,16,0,8,275.8,warm_start_weights_vary_end_points/seed42_step00_lam0.0000_xi0_xf8.0.pt,8.0,warm_start_scan_xi0_xf8.0.csv
42,1,0.1,Y,0,-4.2452326466193654e+03,5.5725935979448050e+03,7.0054121671589237e+03,4.409636e-01,2.373946e-04,0.999639,2.6622813818270369e-01,3.4389174731385325e-01,9000,16,1,1.0,1,0.01,16,0,8,166.9,warm_start_weights_vary_end_points/seed42_step01_lam0.1000_xi0_xf8.0.pt,8.0,warm_start_scan_xi0_xf8.0.csv
45,0,0,N,,1.2351615430683739e-01,-3.6811807393135226e-01,3.8828746661420710e-01,1.064913e-07,5.879359e-09,1.000000,2.6622813818270369e-01,3.4389174731385325e-01,15000,16,1,1.0,1,0.01,16,0,8,278.3,warm_start_weights_vary_end_points/seed45_step00_lam0.0000_xi0_xf8.0.pt,8.0,warm_start_scan_xi0_xf8.0.csv
45,1,0.1,Y,0,8.0334575563892020e+02,2.7521520865309649e+03,2.8670028794020791e+03,1.587290e-01,1.441087e-04,0.999386,2.6622813818270369e-01,3.4389174731385325e-01,9000,16,1,1.0,1,0.01,16,0,8,167.3,warm_start_weights_vary_end_points/seed45_step01_lam0.1000_xi0_xf8.0.pt,8.0,warm_start_scan_xi0_xf8.0.csv
42,0,0,N,,-3.8302459262537591e-01,-4.5852336776647212e-02,3.8575934900364273e-01,1.517069e-07,1.757270e-08,1.000000,-2.6162305354856041e-01,3.4740802132756077e-01,15000,16,1,1.0,1,0.01,16,0,8.25,275.5,warm_start_weights_vary_end_points/seed42_step00_lam0.0000_xi0_xf8.25.pt,8.25,warm_start_scan_xi0_xf8.25.csv
42,1,0.1,Y,0,-2.8464902123231627e+02,-3.2085226191381241e+02,4.2891868607432497e+02,1.996449e-02,1.517807e-04,0.999704,-2.6162305354856041e-01,3.4740802132756077e-01,9000,16,1,1.0,1,0.01,16,0,8.25,164.5,warm_start_weights_vary_end_points/seed42_step01_lam0.1000_xi0_xf8.25.pt,8.25,warm_start_scan_xi0_xf8.25.csv
45,0,0,N,,3.8186464919108654e-01,4.6665055834734313e-02,3.8470539083549432e-01,2.351890e-07,3.870189e-08,1.000000,-2.6162305354856041e-01,3.4740802132756077e-01,15000,16,1,1.0,1,0.01,16,0,8.25,277.4,warm_start_weights_vary_end_points/seed45_step00_lam0.0000_xi0_xf8.25.pt,8.25,warm_start_scan_xi0_xf8.25.csv
45,1,0.1,Y,0,-3.4707490971789395e+02,2.8128974790077491e+03,2.8342288581488679e+03,1.476785e-01,1.763676e-04,0.999695,-2.6162305354856041e-01,3.4740802132756077e-01,9000,16,1,1.0,1,0.01,16,0,8.25,164.1,warm_start_weights_vary_end_points/seed45_step01_lam0.1000_xi0_xf8.25.pt,8.25,warm_start_scan_xi0_xf8.25.csv
42,0,0,N,,-2.1781049024648128e+04,8.5539638706847454e+03,2.3400521244517291e+04,2.957858e-01,1.130525e-05,0.999982,-3.9727183691364726e-01,-1.7695774361711419e-01,15000,16,1,1.0,1,0.01,16,0,8.5,274.0,warm_start_weights_vary_end_points/seed42_step00_lam0.0000_xi0_xf8.5.pt,8.5,warm_start_scan_xi0_xf8.5.csv
42,1,0.1,Y,0,7.9039584230332021e+03,3.5091895274076646e+05,3.5100795425663691e+05,1.999448e+01,3.027712e-04,0.999721,-3.9727183691364726e-01,-1.7695774361711419e-01,9000,16,1,1.0,1,0.01,16,0,8.5,166.8,warm_start_weights_vary_end_points/seed42_step01_lam0.1000_xi0_xf8.5.pt,8.5,warm_start_scan_xi0_xf8.5.csv
45,0,0,N,,1.8139496150489202e+04,2.5376901038015294e+04,3.1193403579712718e+04,1.413398e+00,9.797971e-06,0.999752,-3.9727183691364726e-01,-1.7695774361711419e-01,15000,16,1,1.0,1,0.01,16,0,8.5,278.7,warm_start_weights_vary_end_points/seed45_step00_lam0.0000_xi0_xf8.5.pt,8.5,warm_start_scan_xi0_xf8.5.csv
45,1,0.1,Y,0,3.8248279373235009e+06,-3.5712875590703436e+06,5.2329153996315440e+06,2.402330e+02,2.369893e-04,0.999807,-3.9727183691364726e-01,-1.7695774361711419e-01,9000,16,1,1.0,1,0.01,16,0,8.5,165.6,warm_start_weights_vary_end_points/seed45_step01_lam0.1000_xi0_xf8.5.pt,8.5,warm_start_scan_xi0_xf8.5.csv
42,0,0,N,,-3.7662467478891237e-01,6.2618667291466756e-02,3.8179476574884236e-01,3.882713e-07,9.943744e-08,1.000000,1.0031808037709841e-01,-4.2317282306435733e-01,15000,16,1,1.0,1,0.01,16,0,8.75,278.4,warm_start_weights_vary_end_points/seed42_step00_lam0.0000_xi0_xf8.75.pt,8.75,warm_start_scan_xi0_xf8.75.csv
42,1,0.1,Y,0,1.4531534339244270e+03,8.9364403872799983e+01,1.4558986569146546e+03,7.051639e-02,3.129479e-04,0.999810,1.0031808037709841e-01,-4.2317282306435733e-01,9000,16,1,1.0,1,0.01,16,0,8.75,166.4,warm_start_weights_vary_end_points/seed42_step01_lam0.1000_xi0_xf8.75.pt,8.75,warm_start_scan_xi0_xf8.75.csv
45,0,0,N,,3.7428143457091784e-01,-6.1487240669631502e-02,3.7929839576463997e-01,2.438763e-07,4.828491e-08,1.000000,1.0031808037709841e-01,-4.2317282306435733e-01,15000,16,1,1.0,1,0.01,16,0,8.75,278.9,warm_start_weights_vary_end_points/seed45_step00_lam0.0000_xi0_xf8.75.pt,8.75,warm_start_scan_xi0_xf8.75.csv
45,1,0.1,Y,0,-1.7253860708417000e+04,-1.9943199497311442e+04,2.6370948324529767e+04,1.510494e+00,3.612408e-04,0.999644,1.0031808037709841e-01,-4.2317282306435733e-01,9000,16,1,1.0,1,0.01,16,0,8.75,166.2,warm_start_weights_vary_end_points/seed45_step01_lam0.1000_xi0_xf8.75.pt,8.75,warm_start_scan_xi0_xf8.75.csv
42,0,0,N,,3.3700263354192810e+00,3.0888821202871886e-01,3.3841526899579764e+00,1.070572e-03,9.778108e-03,0.990106,4.3327088787003692e-01,3.7620382176604128e-02,15000,16,1,1.0,1,0.01,16,0,9,276.2,warm_start_weights_vary_end_points/seed42_step00_lam0.0000_xi0_xf9.0.pt,9.0,warm_start_scan_xi0_xf9.0.csv
42,1,0.1,Y,0,2.4777100841990142e+02,7.0327952038234298e+02,7.4564908395480063e+02,3.437954e-01,2.010079e-02,0.979863,4.3327088787003692e-01,3.7620382176604128e-02,9000,16,1,1.0,1,0.01,16,0,9,166.5,warm_start_weights_vary_end_points/seed42_step01_lam0.1000_xi0_xf9.0.pt,9.0,warm_start_scan_xi0_xf9.0.csv
45,0,0,N,,9.0743958542466613e-02,3.6428500932432795e-01,3.7541714669202658e-01,3.342578e-07,6.513065e-08,1.000000,4.3327088787003692e-01,3.7620382176604128e-02,15000,16,1,1.0,1,0.01,16,0,9,277.8,warm_start_weights_vary_end_points/seed45_step00_lam0.0000_xi0_xf9.0.pt,9.0,warm_start_scan_xi0_xf9.0.csv
45,1,0.1,Y,0,1.1506238760347763e+05,-4.5621823660894664e+05,4.7050444467145018e+05,2.661218e+01,5.535544e-04,0.999697,4.3327088787003692e-01,3.7620382176604128e-02,9000,16,1,1.0,1,0.01,16,0,9,166.5,warm_start_weights_vary_end_points/seed45_step01_lam0.1000_xi0_xf9.0.pt,9.0,warm_start_scan_xi0_xf9.0.csv
42,0,0,N,,8.0849494340398742e+04,-5.4010131437169555e+04,9.7230319514843199e+04,1.030664e+00,1.976084e-05,0.999991,8.4413320387401458e-03,4.3481915705752389e-01,15000,16,1,1.0,1,0.01,16,0,9.25,277.8,warm_start_weights_vary_end_points/seed42_step00_lam0.0000_xi0_xf9.25.pt,9.25,warm_start_scan_xi0_xf9.25.csv
42,1,0.1,Y,0,3.3027100527076050e+03,-1.9803650580448604e+04,2.0077162897300957e+04,2.507974e+00,8.911894e-04,0.999478,8.4413320387401458e-03,4.3481915705752389e-01,9000,16,1,1.0,1,0.01,16,0,9.25,166.5,warm_start_weights_vary_end_points/seed42_step01_lam0.1000_xi0_xf9.25.pt,9.25,warm_start_scan_xi0_xf9.25.csv
45,0,0,N,,3.5991355739182662e-01,-1.1231775998400152e-01,3.7703189255322084e-01,5.921016e-07,2.426844e-07,1.000000,8.4413320387401458e-03,4.3481915705752389e-01,15000,16,1,1.0,1,0.01,16,0,9.25,278.4,warm_start_weights_vary_end_points/seed45_step00_lam0.0000_xi0_xf9.25.pt,9.25,warm_start_scan_xi0_xf9.25.csv
45,1,0.1,Y,0,9.0019968670378617e+01,-2.2843464038201546e+02,2.4553203393015070e+02,1.641855e-02,6.188189e-04,0.999294,8.4413320387401458e-03,4.3481915705752389e-01,9000,16,1,1.0,1,0.01,16,0,9.25,166.3,warm_start_weights_vary_end_points/seed45_step01_lam0.1000_xi0_xf9.25.pt,9.25,warm_start_scan_xi0_xf9.25.csv
42,0,0,N,,8.3700688618524218e+03,2.4291914542428774e+04,2.5693484872411023e+04,2.534070e-01,5.620372e-06,0.999995,-4.3331975438257353e-01,3.7053284505290690e-02,15000,16,1,1.0,1,0.01,16,0,9.5,277.7,warm_start_weights_vary_end_points/seed42_step00_lam0.0000_xi0_xf9.5.pt,9.5,warm_start_scan_xi0_xf9.5.csv
42,1,0.1,Y,0,2.5560639766885364e+04,-9.9165636835828249e+04,1.0240688372540128e+05,2.378922e+01,4.071179e-03,0.995361,-4.3331975438257353e-01,3.7053284505290690e-02,9000,16,1,1.0,1,0.01,16,0,9.5,168.2,warm_start_weights_vary_end_points/seed42_step01_lam0.1000_xi0_xf9.5.pt,9.5,warm_start_scan_xi0_xf9.5.csv
45,0,0,N,,-3.5659099145725263e+03,-1.5117019138655485e+02,3.5691127672869193e+03,3.743967e-02,6.097126e-06,0.999961,-4.3331975438257353e-01,3.7053284505290690e-02,15000,16,1,1.0,1,0.01,16,0,9.5,277.9,warm_start_weights_vary_end_points/seed45_step00_lam0.0000_xi0_xf9.5.pt,9.5,warm_start_scan_xi0_xf9.5.csv
45,1,0.1,Y,0,-1.6363548647262964e+06,9.8789693838850094e+05,1.9114386216122110e+06,6.976494e+01,1.525778e-04,0.999864,-4.3331975438257353e-01,3.7053284505290690e-02,9000,16,1,1.0,1,0.01,16,0,9.5,166.6,warm_start_weights_vary_end_points/seed45_step01_lam0.1000_xi0_xf9.5.pt,9.5,warm_start_scan_xi0_xf9.5.csv
42,0,0,N,,-1.4622882639953969e-05,1.3139869780980262e-05,1.9659218564403456e-05,1.010100e-09,9.668495e-05,0.999864,-4.8202492850108691e-02,-4.3222155790038874e-01,15000,16,1,1.0,1,0.01,16,0,9.75,278.2,warm_start_weights_vary_end_points/seed42_step00_lam0.0000_xi0_xf9.75.pt,9.75,warm_start_scan_xi0_xf9.75.csv
42,1,0.1,Y,0,-7.5933406927129098e-05,1.0762162293376519e-04,1.3171293030852556e-04,8.855619e-09,3.149916e-04,0.999625,-4.8202492850108691e-02,-4.3222155790038874e-01,9000,16,1,1.0,1,0.01,16,0,9.75,166.9,warm_start_weights_vary_end_points/seed42_step01_lam0.1000_xi0_xf9.75.pt,9.75,warm_start_scan_xi0_xf9.75.csv
45,0,0,N,,3.8257287006343607e-02,9.6789812190200570e-03,3.9462674599219580e-02,8.937226e-07,4.840228e-05,0.999943,-4.8202492850108691e-02,-4.3222155790038874e-01,15000,16,1,1.0,1,0.01,16,0,9.75,276.2,warm_start_weights_vary_end_points/seed45_step00_lam0.0000_xi0_xf9.75.pt,9.75,warm_start_scan_xi0_xf9.75.csv
45,1,0.1,Y,0,5.7544273390945015e-04,-7.1189846247664322e-04,9.1538721909680974e-04,2.849793e-08,9.094599e-05,0.999920,-4.8202492850108691e-02,-4.3222155790038874e-01,9000,16,1,1.0,1,0.01,16,0,9.75,169.1,warm_start_weights_vary_end_points/seed45_step01_lam0.1000_xi0_xf9.75.pt,9.75,warm_start_scan_xi0_xf9.75.csv
